{
  "classes": [
    1,
    2,
    3,
    4,
    5
  ],
  "per_class_IoU": {
    "1": 0.0987177699116582,
    "2": 0.15682568552175705,
    "3": 0.006063725038661718,
    "4": 0.034868400341362814,
    "5": 0.02623364404958122
  },
  "mIoU_excluding_background": 0.0645418449726042,
  "overall_accuracy": 0.16669872785785259,
  "confusion_matrix": [
    [
      0,
      0,
      0,
      0,
      0,
      0
    ],
    [
      658539,
      658973,
      657429,
      658442,
      657462,
      656674
    ],
    [
      2465759,
      2461720,
      2462943,
      2465016,
      2462089,
      2463054
    ],
    [
      21435,
      21513,
      21252,
      21197,
      21468,
      21348
    ],
    [
      142350,
      141894,
      142846,
      141775,
      142880,
      142366
    ],
    [
      102650,
      102677,
      102864,
      102260,
      102563,
      102278
    ]
  ]
}